"ParentTitle","Title","Order","ParentId","Visible","Url","Id","Level"
"","City Intranet","1","0","True","https://postfallsidahoorg.sharepoint.com","2025","Level 1"
"","Community Development","2","0","True","https://postfallsidahoorg.sharepoint.com/sites/CommunityDevelopment","2064","Level 1"
"","CommDev Projects","3","0","True","/sites/CommunityDevelopmentProjects","2039","Level 1"
"","Admin Applications","4","0","True","https://postfallsidahoorg.sharepoint.com/sites/AdministrativeApplications","2010","Level 1"
"","Capital Improvements","5","0","True","https://postfallsidahoorg.sharepoint.com/sites/CapitalImprovementProjects","2012","Level 1"
"","CD Misc","6","0","True","http://linkless.header/","2024","Level 1"
"CD Misc","CD Special Events","7","2024","True","https://postfallsidahoorg.sharepoint.com/sites/CDSpecialEvents","2013","Level 2"
"CD Misc","CD Special Projects","8","2024","True","https://postfallsidahoorg.sharepoint.com/sites/CDSpecialProjects","2014","Level 2"
"CD Misc","CD Vacations","9","2024","True","https://postfallsidahoorg.sharepoint.com/sites/CDVacations","2015","Level 2"
"CD Misc","CD Wireless Project","10","2024","True","https://postfallsidahoorg.sharepoint.com/sites/CDWirelessProject","2016","Level 2"
"CD Misc","Variances","11","2024","True","https://postfallsidahoorg.sharepoint.com/sites/Variances","2027","Level 2"
"","Mass Grading","12","0","True","https://postfallsidahoorg.sharepoint.com/sites/MassGrading","2017","Level 1"
"","PUD","13","0","True","https://postfallsidahoorg.sharepoint.com/sites/PUD","2018","Level 1"
"","Site Plan Reviews","14","0","True","https://postfallsidahoorg.sharepoint.com/sites/SitePlanReviews","2019","Level 1"
"","Smart Code","15","0","True","https://postfallsidahoorg.sharepoint.com/sites/SmartCode","2020","Level 1"
"","Special Use Permit","16","0","True","https://postfallsidahoorg.sharepoint.com/sites/SpecialUsePermit","2021","Level 1"
"","Subdivisions","17","0","True","https://postfallsidahoorg.sharepoint.com/sites/Subdivisions","2022","Level 1"
"","Zone Change","18","0","True","https://postfallsidahoorg.sharepoint.com/sites/ZoneChange","2023","Level 1"
