"Id","DirName","Title","Size","DeletedDate","ItemType","ItemState","DeletedByName"
"c96979b4-0fa9-4acf-89f3-112d357613a7","sites/DepartmentHeads/Lists/CouncilStaffReports","Upcoming Road Construction Projects","368","11/28/2023 7:50:40 PM","ListItem","FirstStageRecycleBin","Art Malin"
"58953dd0-0d11-480d-97ac-2e6c4ecd7060","sites/DepartmentHeads/Lists/CouncilStaffReports","Upcoming Road Construction Projects","368","11/28/2023 7:52:41 PM","ListItem","FirstStageRecycleBin","Art Malin"
"170b1bf3-c76f-4ac9-b84f-e5b5197bc5ca","sites/DepartmentHeads/Lists/CouncilStaffReports","Upcoming Road Construction Projects","368","11/28/2023 7:49:04 PM","ListItem","FirstStageRecycleBin","Art Malin"
"b8ba2289-1c80-44a9-8859-3c86ae29dd52","sites/DepartmentHeads/Lists/CouncilStaffReports","Test formatting","1294","11/28/2023 10:49:48 PM","ListItem","FirstStageRecycleBin","Art Malin"
"81aea693-4ee9-4510-93d0-e5b5ba8ef32a","sites/DepartmentHeads/Lists/CouncilStaffReports","Test Event","300","11/28/2023 7:48:57 PM","ListItem","FirstStageRecycleBin","Art Malin"
"d2d92701-aaed-4277-9b89-7f8b571e850d","sites/DepartmentHeads/Lists/PersonalUserManual","test Art Malin-Mgr","5046","1/18/2024 4:34:13 PM","ListItem","FirstStageRecycleBin","Art Malin"
"e569a309-0dcb-4c20-a43b-99467a428b74","sites/DepartmentHeads/Lists/CouncilStaffReports","Substation","236","11/28/2023 7:50:35 PM","ListItem","FirstStageRecycleBin","Art Malin"
"fd3bc55e-110a-4040-be1a-db478ce2d7b3","sites/DepartmentHeads/Lists/CouncilStaffReports","Substation","236","11/28/2023 7:52:40 PM","ListItem","FirstStageRecycleBin","Art Malin"
"0b074dcf-efd0-4789-9c94-ddd3ceda548c","sites/DepartmentHeads/Lists/CouncilStaffReports","Substation","236","11/28/2023 7:48:58 PM","ListItem","FirstStageRecycleBin","Art Malin"
"1f6249e0-490a-4e5e-8ffa-77dc99cc648b","sites/DepartmentHeads/Lists/CouncilStaffReports","Substation","236","11/28/2023 7:48:58 PM","ListItem","FirstStageRecycleBin","Art Malin"
"470a9c70-91db-4d7a-b1b4-06ee53b2dc30","sites/DepartmentHeads/Lists/Clerk Workshop Calendar  copy","Strategic Plan","254","11/28/2023 5:12:18 PM","ListItem","FirstStageRecycleBin","Art Malin"
"8c090001-fd33-4efe-8d98-d101cbf2d5f7","sites/DepartmentHeads/Lists/CouncilStaffReports","Status Update, One or many","334","11/28/2023 7:49:03 PM","ListItem","FirstStageRecycleBin","Art Malin"
"a0d3850c-6f39-40b3-861b-9bb9bebccb62","sites/DepartmentHeads/Lists/CouncilStaffReports","Status Update, One or many","334","11/28/2023 7:49:09 PM","ListItem","FirstStageRecycleBin","Art Malin"
"78631154-0ed4-4b85-9ad5-91ec4c91bf27","sites/DepartmentHeads/Lists/CouncilStaffReports","Status Update, One or many","334","11/28/2023 7:50:40 PM","ListItem","FirstStageRecycleBin","Art Malin"
"dbfaf178-6592-4d57-9355-850dd6ebb879","sites/DepartmentHeads/Lists/CouncilStaffReports","Status Update, One or many","334","11/28/2023 7:52:41 PM","ListItem","FirstStageRecycleBin","Art Malin"
"544de288-5de4-4804-a0ab-0407fa44ffa9","sites/DepartmentHeads/Lists/CouncilStaffReports","Status Update, One or many","334","11/28/2023 7:50:46 PM","ListItem","FirstStageRecycleBin","Art Malin"
"c5a7d3df-d32b-414f-bf98-751671c7544a","sites/DepartmentHeads/Lists/CouncilStaffReports","Status Update, One or many","334","11/28/2023 7:52:42 PM","ListItem","FirstStageRecycleBin","Art Malin"
"cf201b01-82b2-4da0-ab5d-4fe9c8f0b5e4","sites/DepartmentHeads/Lists/CouncilStaffReports","State of the Fleet","296","11/28/2023 7:49:07 PM","ListItem","FirstStageRecycleBin","Art Malin"
"01ded706-959f-4f62-b718-902c3380f013","sites/DepartmentHeads/Lists/CouncilStaffReports","State of the Fleet","296","11/28/2023 7:52:41 PM","ListItem","FirstStageRecycleBin","Art Malin"
"177ea689-cc67-4c80-9949-caf865e321bd","sites/DepartmentHeads/Lists/CouncilStaffReports","State of the Fleet","296","11/28/2023 7:50:43 PM","ListItem","FirstStageRecycleBin","Art Malin"
"5e59fd0b-dd4c-4134-abf9-2654a70413f8","sites/DepartmentHeads/Lists/CouncilStaffReports","Snow Ops Recap","284","11/28/2023 7:50:38 PM","ListItem","FirstStageRecycleBin","Art Malin"
"b7d70f78-52b2-4526-a997-5825ec438ced","sites/DepartmentHeads/Lists/CouncilStaffReports","Snow Ops Recap","284","11/28/2023 7:52:40 PM","ListItem","FirstStageRecycleBin","Art Malin"
"b6e1c6c6-3f84-4e9d-9b51-8c4455a69bb4","sites/DepartmentHeads/Lists/CouncilStaffReports","Snow Ops Recap","284","11/28/2023 7:49:02 PM","ListItem","FirstStageRecycleBin","Art Malin"
"a65e4033-1084-4d87-b384-511402a486a7","sites/DepartmentHeads/Lists/CouncilStaffReports","Snow Operations Plan","308","11/28/2023 7:52:42 PM","ListItem","FirstStageRecycleBin","Art Malin"
"826576b7-6bb7-4cb4-9bb6-e74c7068740c","sites/DepartmentHeads/Lists/CouncilStaffReports","Snow Operations Plan","308","11/28/2023 7:49:10 PM","ListItem","FirstStageRecycleBin","Art Malin"
"8fbaecdd-9e07-41c4-8da4-aa836a010e6b","sites/DepartmentHeads/Lists/CouncilStaffReports","Snow Operations Plan","308","11/28/2023 7:50:46 PM","ListItem","FirstStageRecycleBin","Art Malin"
"494c9faa-e395-40bf-bf1c-23fae0c4c3b1","sites/DepartmentHeads/SiteAssets/CCS/UploadDocs","PUM.pdf_ad31521b.pdf","2732","1/18/2024 4:36:52 PM","File","FirstStageRecycleBin","Art Malin"
"7f776335-5a1f-449b-a0d2-84957364a573","sites/DepartmentHeads/SitePages","News-Post-Example.aspx","24451","1/22/2024 4:32:55 PM","File","FirstStageRecycleBin","Art Malin"
"4584bb82-a60e-40eb-9630-0df57c03d62f","sites/DepartmentHeads/Lists/CouncilStaffReports","Legislative Update","284","11/28/2023 7:52:40 PM","ListItem","FirstStageRecycleBin","Art Malin"
"f74991ac-8d3b-4f32-84a3-56a0f398fa37","sites/DepartmentHeads/Lists/CouncilStaffReports","Legislative Update","284","11/28/2023 7:50:39 PM","ListItem","FirstStageRecycleBin","Art Malin"
"37393fc6-e76d-435c-9256-bc859fca4ad8","sites/DepartmentHeads/Lists/CouncilStaffReports","Legislative Update","284","11/28/2023 7:49:02 PM","ListItem","FirstStageRecycleBin","Art Malin"
"6826217c-abc0-4b6c-b0f2-978be0d065ce","sites/DepartmentHeads/Shared Documents/General","Job Descriptions","304","2/2/2024 7:48:31 PM","Folder","FirstStageRecycleBin","Janet Best"
"a66c34e0-5f92-4551-9506-4afbcff7fd65","sites/DepartmentHeads/Shared Documents/General","Job Descriptions","649315","2/2/2024 7:26:22 PM","Folder","FirstStageRecycleBin","Janet Best"
"07dfa8ad-7aa6-42ea-8f52-b894f41b1532","sites/DepartmentHeads/SiteAssets/CCS/AdvancedPrint","generalsettings.xml","758","1/12/2024 10:24:04 PM","File","FirstStageRecycleBin","Art Malin"
"1bb100f0-4d80-4960-90f2-0af7c710bd1a","sites/DepartmentHeads/Lists/BrightMetricsCallReport","Ethan Porter","216","1/24/2024 12:23:46 AM","ListItem","FirstStageRecycleBin","Art Malin"
"e4f26e1c-e337-4885-be08-eab9a1750b64","sites/DepartmentHeads/Lists/BrightMetricsCallReport","Eileen McGovern","548","1/24/2024 12:18:58 AM","ListItem","FirstStageRecycleBin","Art Malin"
"0443f82f-1454-43d8-bfa1-eed438511ae5","sites/DepartmentHeads/Lists/BrightMetricsCallReport","Eileen McGovern","222","1/24/2024 12:23:45 AM","ListItem","FirstStageRecycleBin","Art Malin"
"418c36e3-cd86-446a-9bc8-c6bf850740c8","sites/DepartmentHeads/Lists/BrightMetricsCallReport","Doug Melven","490","1/24/2024 12:18:57 AM","ListItem","FirstStageRecycleBin","Art Malin"
"06ea9b8b-0a73-4fa8-9ec3-57e43d32bef7","sites/DepartmentHeads/Lists/BrightMetricsCallReport","Dennis Beaver","534","1/24/2024 12:18:55 AM","ListItem","FirstStageRecycleBin","Art Malin"
"870958a0-1d5f-4ed8-8208-2be026956757","sites/DepartmentHeads/Lists/BrightMetricsCallReport","Dennis Beaver","218","1/24/2024 12:23:44 AM","ListItem","FirstStageRecycleBin","Art Malin"
"ac4c50bd-47f2-4788-acb9-eda677004aba","sites/DepartmentHeads/Lists/BrightMetricsCallReport","Denise Cox","498","1/24/2024 12:18:54 AM","ListItem","FirstStageRecycleBin","Art Malin"
"9061dce1-fdac-4f83-bb06-2b73bf4b9e8d","sites/DepartmentHeads/Lists/BrightMetricsCallReport","Denise Cox","212","1/24/2024 12:23:43 AM","ListItem","FirstStageRecycleBin","Art Malin"
"4c064d12-c764-4849-865a-915b0d458d67","sites/DepartmentHeads/Lists/BrightMetricsCallReport","Deidre Davis","216","1/24/2024 12:23:42 AM","ListItem","FirstStageRecycleBin","Art Malin"
"361f0e19-61f0-44f9-ad56-de35ce4e1866","sites/DepartmentHeads/Lists/BrightMetricsCallReport","Deidre Davis","538","1/24/2024 12:18:53 AM","ListItem","FirstStageRecycleBin","Art Malin"
"1e27f939-c97b-4299-ba38-6eccf5e572ae","sites/DepartmentHeads/SiteAssets/CCS/AdvancedPrint","db0fe898-4f7f-41ad-946d-0e6714dc7658_list.xml","2149","1/18/2024 4:49:18 PM","File","FirstStageRecycleBin","Art Malin"
"cf3cfd87-da1a-4e67-a741-5e19b03835c2","sites/DepartmentHeads/Lists/BrightMetricsCallReport","David Villa","514","1/24/2024 12:18:52 AM","ListItem","FirstStageRecycleBin","Art Malin"
"54c9a69d-2b1d-46c4-836f-cfd43a309e36","sites/DepartmentHeads/Lists/BrightMetricsCallReport","David Villa","214","1/24/2024 12:23:41 AM","ListItem","FirstStageRecycleBin","Art Malin"
"211b411d-a37c-4e86-b2f5-31e152cd83ae","sites/DepartmentHeads/Lists/BrightMetricsCallReport","David Fair","216","1/24/2024 12:18:51 AM","ListItem","FirstStageRecycleBin","Art Malin"
"aaf0540c-a7e4-49af-9f0f-5108af6ea7d4","sites/DepartmentHeads/Lists/BrightMetricsCallReport","David Bugenhagen","568","1/24/2024 12:18:50 AM","ListItem","FirstStageRecycleBin","Art Malin"
"3c6ca4b7-12c1-44ec-8faf-15098f8d45c7","sites/DepartmentHeads/Lists/BrightMetricsCallReport","David Bugenhagen","224","1/24/2024 12:23:38 AM","ListItem","FirstStageRecycleBin","Art Malin"
"5d403962-2e52-41e9-bb4e-ecfee95451c4","sites/DepartmentHeads/Lists/BrightMetricsCallReport","Dave Fair","310","1/24/2024 12:23:40 AM","ListItem","FirstStageRecycleBin","Art Malin"
"a340a9b3-0182-4660-bce2-cd8bb9c2defc","sites/DepartmentHeads/Lists/BrightMetricsCallReport","Daniel Stevenson","224","1/24/2024 12:23:37 AM","ListItem","FirstStageRecycleBin","Art Malin"
"d6598edc-2a60-4533-b08d-e11bdb149cf8","sites/DepartmentHeads/Lists/BrightMetricsCallReport","Daniel Stevenson","558","1/24/2024 12:18:49 AM","ListItem","FirstStageRecycleBin","Art Malin"
"6bde2423-60b1-4768-b8af-c2ea591ff433","sites/DepartmentHeads/Lists/BrightMetricsCallReport","Dakota Torkelson","570","1/24/2024 12:18:48 AM","ListItem","FirstStageRecycleBin","Art Malin"
"4d7831c6-58a8-4329-bdf9-4c82af7d920c","sites/DepartmentHeads/Lists/BrightMetricsCallReport","Dakota Torkelson","224","1/24/2024 12:23:36 AM","ListItem","FirstStageRecycleBin","Art Malin"
"9c5db836-e4e5-4e60-9779-f05b65de6b84","sites/DepartmentHeads/Lists","CSR","62524","11/29/2023 5:22:49 PM","List","FirstStageRecycleBin","Art Malin"
"09f6684a-753a-4b54-8d87-75cded23ef44","sites/DepartmentHeads/Lists/BrightMetricsCallReport","Craig Borrenpohl","578","1/24/2024 12:18:47 AM","ListItem","FirstStageRecycleBin","Art Malin"
"f92112ec-4518-4b4f-be8a-bb5ac7ac3d80","sites/DepartmentHeads/Lists/BrightMetricsCallReport","Craig Borrenpohl","224","1/24/2024 12:23:35 AM","ListItem","FirstStageRecycleBin","Art Malin"
"f387233c-98b9-4501-92b5-54dc1b54562b","sites/DepartmentHeads/Lists/CouncilStaffReports","Consumer Confidence Report","336","11/28/2023 7:52:41 PM","ListItem","FirstStageRecycleBin","Art Malin"
"a62bc085-90b8-4530-9d1a-3958a375b670","sites/DepartmentHeads/Lists/CouncilStaffReports","Consumer Confidence Report","336","11/28/2023 7:50:41 PM","ListItem","FirstStageRecycleBin","Art Malin"
"924f8fbb-bb12-49f2-851c-8469addee361","sites/DepartmentHeads/Lists/CouncilStaffReports","Consumer Confidence Report","336","11/28/2023 7:49:05 PM","ListItem","FirstStageRecycleBin","Art Malin"
"bf378f80-2a83-44ec-8949-d34c8319b617","sites/DepartmentHeads/Lists/BrightMetricsCallReport","Cody Dehn","210","1/24/2024 12:23:33 AM","ListItem","FirstStageRecycleBin","Art Malin"
"8fe4a4a6-5dc9-450f-b978-e8f8a0d906eb","sites/DepartmentHeads/Lists/BrightMetricsCallReport","Cody Dehn","498","1/24/2024 12:18:46 AM","ListItem","FirstStageRecycleBin","Art Malin"
"95f35fbf-c0a7-4916-8830-e149fe0a5a30","sites/DepartmentHeads/Lists","Clerk Workshop Calendar - copy","87770","11/28/2023 11:33:30 PM","List","FirstStageRecycleBin","Art Malin"
"8adc7f01-5f28-44a3-be70-3347b47cd11f","sites/DepartmentHeads/Lists/BrightMetricsCallReport","Christopher Gabbert","548","1/24/2024 12:18:45 AM","ListItem","FirstStageRecycleBin","Art Malin"
"75d08dbd-5ce3-476f-a4ce-9783857bfbc4","sites/DepartmentHeads/Lists/BrightMetricsCallReport","Christopher Gabbert","222","1/24/2024 12:23:32 AM","ListItem","FirstStageRecycleBin","Art Malin"
"e182670c-d1f0-44a4-befc-d66510a1ef5c","sites/DepartmentHeads/Lists/BrightMetricsCallReport","Chris Schneider","560","1/24/2024 12:18:44 AM","ListItem","FirstStageRecycleBin","Art Malin"
"d4833dbc-4a4e-445d-a9e5-1869b87224f8","sites/DepartmentHeads/Lists/BrightMetricsCallReport","Chris Schneider","222","1/24/2024 12:23:31 AM","ListItem","FirstStageRecycleBin","Art Malin"
"f26ec031-4556-4698-af4f-8b0678d9fea1","sites/DepartmentHeads/Lists/CouncilStaffReports","Cemetery Update","284","11/28/2023 7:52:42 PM","ListItem","FirstStageRecycleBin","Art Malin"
"51f484df-043b-43c3-b44b-5b6dfdfbacb5","sites/DepartmentHeads/Lists/CouncilStaffReports","Cemetery Update","284","11/28/2023 7:50:45 PM","ListItem","FirstStageRecycleBin","Art Malin"
"3b0454fe-0ef1-4a5f-b9ed-f204408cf1f2","sites/DepartmentHeads/Lists/CouncilStaffReports","Cemetery Update","284","11/28/2023 7:49:08 PM","ListItem","FirstStageRecycleBin","Art Malin"
"4c8c3c7d-8c58-4d8f-8b92-10f59e8ab77c","sites/DepartmentHeads/Lists/CouncilStaffReports","Car technology improvements","304","11/28/2023 7:52:40 PM","ListItem","FirstStageRecycleBin","Art Malin"
"180a6fd5-4e99-4d01-8d13-6928c24c05da","sites/DepartmentHeads/Lists/CouncilStaffReports","Car technology improvements","304","11/28/2023 7:50:36 PM","ListItem","FirstStageRecycleBin","Art Malin"
"b96161fe-35c9-4ea1-af8a-a42e42ddb417","sites/DepartmentHeads/Lists/CouncilStaffReports","Car technology improvements","304","11/28/2023 7:49:00 PM","ListItem","FirstStageRecycleBin","Art Malin"
"b002bd11-ac2c-4e29-beaf-fe4616ce355c","sites/DepartmentHeads/Lists/BrightMetricsCallReport","Building Fax","204","1/24/2024 12:18:43 AM","ListItem","FirstStageRecycleBin","Art Malin"
"cecf5dc8-1a7d-4da2-a235-771bc3b52df6","sites/DepartmentHeads/Lists/BrightMetricsCallReport","Bryan Myers","214","1/24/2024 12:23:29 AM","ListItem","FirstStageRecycleBin","Art Malin"
"fc08daf0-8bdc-42cd-ae3d-4bd01f2a952d","sites/DepartmentHeads/Lists/BrightMetricsCallReport","Bryan Myers","508","1/24/2024 12:18:41 AM","ListItem","FirstStageRecycleBin","Art Malin"
"1c7c1539-68df-4697-950a-8722f041c859","sites/DepartmentHeads/Lists/BrightMetricsCallReport","Bob Folsom","212","1/24/2024 12:23:28 AM","ListItem","FirstStageRecycleBin","Art Malin"
"da66393e-da33-4ec3-b17e-0de48e8c921c","sites/DepartmentHeads/Lists/BrightMetricsCallReport","Bob Folsom","494","1/24/2024 12:18:40 AM","ListItem","FirstStageRecycleBin","Art Malin"
"1e597e05-18df-453c-8d6d-a9f2661a68d3","sites/DepartmentHeads/Lists/CouncilStaffReports","Black Bay Construction","312","11/28/2023 7:49:03 PM","ListItem","FirstStageRecycleBin","Art Malin"
"ab6db342-fe50-4d2e-9865-e2e4a7bfe5a2","sites/DepartmentHeads/Lists/CouncilStaffReports","Black Bay Construction","312","11/28/2023 7:52:40 PM","ListItem","FirstStageRecycleBin","Art Malin"
"0cfdab6c-a145-42f1-ad5f-ae8d2c344c0d","sites/DepartmentHeads/Lists/CouncilStaffReports","Black Bay Construction","312","11/28/2023 7:50:39 PM","ListItem","FirstStageRecycleBin","Art Malin"
"e7500554-555b-4329-975b-4d32d5e0b9fa","sites/DepartmentHeads/Lists/BrightMetricsCallReport","Bill Melvin","520","1/24/2024 12:18:39 AM","ListItem","FirstStageRecycleBin","Art Malin"
"2dd4f899-ac2e-44d6-b2b3-5925e65161ee","sites/DepartmentHeads/Lists/BrightMetricsCallReport","Bill Melvin","214","1/24/2024 12:23:27 AM","ListItem","FirstStageRecycleBin","Art Malin"
"242d6a6d-7e66-4d77-9dff-80c829f18391","sites/DepartmentHeads/Lists/BrightMetricsCallReport","Basement Conf Room","216","1/24/2024 12:18:38 AM","ListItem","FirstStageRecycleBin","Art Malin"
"dc37108a-c9f8-4609-8809-f51879caccf3","sites/DepartmentHeads/SiteAssets/CCS/Reports","b52a83c7-c5e3-4831-a2dd-606b89b86b6b.xml","43076","2/6/2024 11:13:08 PM","File","FirstStageRecycleBin","Art Malin"
"5cfc9624-da20-4cb0-b660-75bd51c15a4d","sites/DepartmentHeads/Lists/BrightMetricsCallReport","Art Malin","522","1/24/2024 12:18:37 AM","ListItem","FirstStageRecycleBin","Art Malin"
"30ad524f-46bb-4c50-8d5d-e6cec8e2d900","sites/DepartmentHeads/Lists/BrightMetricsCallReport","Art Malin","210","1/24/2024 12:23:26 AM","ListItem","FirstStageRecycleBin","Art Malin"
"2ac267d6-4f6b-46ab-9499-6454e9e3f8f0","sites/DepartmentHeads/Lists/PersonalUserManual","Art Malin","992","1/18/2024 4:34:15 PM","ListItem","FirstStageRecycleBin","Art Malin"
"e25df6b5-874a-4a80-878e-9d4edce59a76","sites/DepartmentHeads/Lists/BrightMetricsCallReport","Anna Staal","212","1/24/2024 12:23:25 AM","ListItem","FirstStageRecycleBin","Art Malin"
"35701fde-af18-49f9-9b40-21e10a712f3a","sites/DepartmentHeads/Lists/BrightMetricsCallReport","Anna Staal","504","1/24/2024 12:18:36 AM","ListItem","FirstStageRecycleBin","Art Malin"
"c4e78b04-b47a-4d05-aec4-013177527223","sites/DepartmentHeads/Lists/BrightMetricsCallReport","Andrew Arbini","548","1/24/2024 12:18:35 AM","ListItem","FirstStageRecycleBin","Art Malin"
"f5cb9223-06de-43b9-960e-36b4a49d6ca1","sites/DepartmentHeads/Lists/BrightMetricsCallReport","Andrew Arbini","218","1/24/2024 12:23:24 AM","ListItem","FirstStageRecycleBin","Art Malin"
"ffd4957f-685d-498d-a130-f5585fa2558b","sites/DepartmentHeads/Lists/PersonalUserManual","amalin@postfalls.gov","1516","1/16/2024 9:19:44 PM","ListItem","FirstStageRecycleBin","Art Malin"
"7d32dc99-8c9d-4a40-b0d2-724db43979c5","sites/DepartmentHeads/Lists/BrightMetricsCallReport","Alyssa Gersdorf","482","1/24/2024 12:18:34 AM","ListItem","FirstStageRecycleBin","Art Malin"
"f6d93ab7-e15d-4722-a26c-90fcc7440b35","sites/DepartmentHeads/Lists/BrightMetricsCallReport","Admin Conference","212","1/24/2024 12:18:33 AM","ListItem","FirstStageRecycleBin","Art Malin"
"12d57a6a-ddfc-4b34-9b9e-9fcc9a9884d2","sites/DepartmentHeads/Lists/BrightMetricsCallReport","Adam Tate","210","1/24/2024 12:23:22 AM","ListItem","FirstStageRecycleBin","Art Malin"
"9d36e2ea-a0d3-4b88-96c1-dc1ce369d972","sites/DepartmentHeads/Lists/BrightMetricsCallReport","Adam Tate","512","1/24/2024 12:18:32 AM","ListItem","FirstStageRecycleBin","Art Malin"
"621dce0e-2f12-421c-8f71-005c53f60869","sites/DepartmentHeads/Lists/BrightMetricsCallReport","Accounts Payable Desk","238","1/24/2024 12:18:31 AM","ListItem","FirstStageRecycleBin","Art Malin"
"730deb0e-b0f0-4798-91bf-b4ddfa185b39","sites/DepartmentHeads/Lists/BrightMetricsCallReport","Aaron Benjamin","220","1/24/2024 12:23:20 AM","ListItem","FirstStageRecycleBin","Art Malin"
"1fdf3a1e-84c6-4c16-a063-216e567bf990","sites/DepartmentHeads/Lists/BrightMetricsCallReport","Aaron Benjamin","562","1/24/2024 12:18:30 AM","ListItem","FirstStageRecycleBin","Art Malin"
"a75ca124-e29b-4a52-ae4a-b93fcece4add","sites/DepartmentHeads/Lists/BrightMetricsCallReport","Aaron Benjamin","220","1/24/2024 12:23:19 AM","ListItem","FirstStageRecycleBin","Art Malin"
"54b6283a-a372-4dca-a97f-d7897ae31675","sites/DepartmentHeads/Lists/CouncilStaffReports","9/3/2024","224","11/28/2023 7:50:31 PM","ListItem","FirstStageRecycleBin","Art Malin"
"bb07e86e-a5be-430b-aca7-7b09f218e71f","sites/DepartmentHeads/Lists/CouncilStaffReports","9/17/2024","228","11/28/2023 7:50:31 PM","ListItem","FirstStageRecycleBin","Art Malin"
"f2724a71-075b-4b61-ba46-8f95f0753982","sites/DepartmentHeads/Lists/CouncilStaffReports","8/6/2024","224","11/28/2023 7:50:30 PM","ListItem","FirstStageRecycleBin","Art Malin"
"6c3b22da-dae0-4d3b-81e6-80ee2e719b22","sites/DepartmentHeads/Lists/CouncilStaffReports","8/20/2024","228","11/28/2023 7:50:30 PM","ListItem","FirstStageRecycleBin","Art Malin"
"6c81334a-7d6e-4432-8cdf-7fc993ef14e2","sites/DepartmentHeads/Lists/CouncilStaffReports","7/2/2024","224","11/28/2023 7:50:29 PM","ListItem","FirstStageRecycleBin","Art Malin"
"98bccc1f-b033-4079-b911-cfe13f020beb","sites/DepartmentHeads/Lists/CouncilStaffReports","7/16/2024","228","11/28/2023 7:50:29 PM","ListItem","FirstStageRecycleBin","Art Malin"
"258319d8-3c92-4dfe-9102-483399584fe7","sites/DepartmentHeads/Lists/CouncilStaffReports","6/4/2024","224","11/28/2023 7:50:28 PM","ListItem","FirstStageRecycleBin","Art Malin"
"1a4d447e-051d-484d-a76c-ac8314e84cd3","sites/DepartmentHeads/Lists/CouncilStaffReports","6/18/2024","228","11/28/2023 7:50:29 PM","ListItem","FirstStageRecycleBin","Art Malin"
"f2a8ee62-7ed8-47c0-862c-4700109ee5fe","sites/DepartmentHeads/Lists/CouncilStaffReports","5/7/2024","224","11/28/2023 7:50:27 PM","ListItem","FirstStageRecycleBin","Art Malin"
"0c852d0f-e56c-4162-8bb3-3704b5501aed","sites/DepartmentHeads/Lists/CouncilStaffReports","5/21/2024","228","11/28/2023 7:50:28 PM","ListItem","FirstStageRecycleBin","Art Malin"
"e69876d1-193b-449d-97e7-be9e347e7621","sites/DepartmentHeads/Lists/CouncilStaffReports","4/2/2024","224","11/28/2023 7:50:27 PM","ListItem","FirstStageRecycleBin","Art Malin"
"d08e545f-101a-41be-a7ff-9944cca72323","sites/DepartmentHeads/Lists/CouncilStaffReports","4/16/2024","228","11/28/2023 7:50:27 PM","ListItem","FirstStageRecycleBin","Art Malin"
"6bd97207-3e26-41a4-96fa-1fd47c7ca6cb","sites/DepartmentHeads/Lists/CouncilStaffReports","3/5/2024","224","11/28/2023 7:50:27 PM","ListItem","FirstStageRecycleBin","Art Malin"
"878a1b8d-da6f-4a81-bdd1-9154b56870e6","sites/DepartmentHeads/Lists/CouncilStaffReports","3/19/2024","228","11/28/2023 7:50:27 PM","ListItem","FirstStageRecycleBin","Art Malin"
"c0600822-76f1-4614-b981-2f7bff98d79d","sites/DepartmentHeads/Lists/CouncilStaffReports","2024 Event Preview","276","11/28/2023 7:49:00 PM","ListItem","FirstStageRecycleBin","Art Malin"
"6b85426a-6768-4f1f-ae7a-c8668210d464","sites/DepartmentHeads/Lists/CouncilStaffReports","2024 Event Preview","276","11/28/2023 7:52:40 PM","ListItem","FirstStageRecycleBin","Art Malin"
"7b33606d-39ba-402f-b865-73b45da88352","sites/DepartmentHeads/Lists/CouncilStaffReports","2024 Event Preview","276","11/28/2023 7:50:36 PM","ListItem","FirstStageRecycleBin","Art Malin"
"bbe2c200-1c4f-4d9d-856a-21d2dc9abbf3","sites/DepartmentHeads/Shared Documents/General/Policies and Procedures","2023.12.14 Acceptance of Private Roads Policy.docx","189300","12/26/2023 5:37:10 PM","File","FirstStageRecycleBin","Warren Wilson"
"8fefbc6e-1e66-4f40-933a-c010d9de420a","sites/DepartmentHeads/Lists/CouncilStaffReports","2023 WRF Compliance Update","336","11/28/2023 7:52:40 PM","ListItem","FirstStageRecycleBin","Art Malin"
"2a35347e-dce8-4a0c-843e-dbbbebe67e5e","sites/DepartmentHeads/Lists/CouncilStaffReports","2023 WRF Compliance Update","336","11/28/2023 7:49:01 PM","ListItem","FirstStageRecycleBin","Art Malin"
"d7bf56c2-7593-4b84-808f-440c20f8c800","sites/DepartmentHeads/Lists/CouncilStaffReports","2023 WRF Compliance Update","336","11/28/2023 7:50:37 PM","ListItem","FirstStageRecycleBin","Art Malin"
"e788d50e-3d6b-460d-807b-2fc2949ef8d6","sites/DepartmentHeads/Lists/CouncilStaffReports","2023 Department Accomplishments","336","11/28/2023 7:48:59 PM","ListItem","FirstStageRecycleBin","Art Malin"
"22d82a5e-cdf5-4a6b-9256-2a7fe4bc436a","sites/DepartmentHeads/Lists/CouncilStaffReports","2023 Department Accomplishments","336","11/28/2023 7:52:40 PM","ListItem","FirstStageRecycleBin","Art Malin"
"f1f4cb78-9168-40b2-9965-a658ab1dce93","sites/DepartmentHeads/Lists/CouncilStaffReports","2023 Department Accomplishments","336","11/28/2023 7:50:36 PM","ListItem","FirstStageRecycleBin","Art Malin"
"a378075b-9994-4d44-ad15-23a9d8d7c81c","sites/DepartmentHeads/Lists/CouncilStaffReports","2/6/2024","224","11/28/2023 7:50:27 PM","ListItem","FirstStageRecycleBin","Art Malin"
"d467d6a4-61e0-4022-bb9a-06af43938618","sites/DepartmentHeads/Lists/CouncilStaffReports","2/20/2024","228","11/28/2023 7:50:27 PM","ListItem","FirstStageRecycleBin","Art Malin"
"e5e637d3-da47-4439-909c-3d5194bb25e2","sites/DepartmentHeads/Lists/CouncilStaffReports","12/3/2024","228","11/28/2023 7:50:34 PM","ListItem","FirstStageRecycleBin","Art Malin"
"3a5b1f09-e3a1-429a-b994-97b17f47732d","sites/DepartmentHeads/Lists/CouncilStaffReports","12/17/2024","232","11/28/2023 7:50:34 PM","ListItem","FirstStageRecycleBin","Art Malin"
"a78f4fa4-1648-45e4-93eb-f032a5c1faf1","sites/DepartmentHeads/Lists/CouncilStaffReports","11/5/2024","228","11/28/2023 7:50:33 PM","ListItem","FirstStageRecycleBin","Art Malin"
"293f6ba1-19e5-4ac9-bbeb-ceb6246e0a53","sites/DepartmentHeads/Lists/CouncilStaffReports","11/19/2024","232","11/28/2023 7:50:34 PM","ListItem","FirstStageRecycleBin","Art Malin"
"617cf155-b19c-4641-a2ff-8faaf80df513","sites/DepartmentHeads/Lists/CouncilStaffReports","10/15/2024","232","11/28/2023 7:50:32 PM","ListItem","FirstStageRecycleBin","Art Malin"
"1c1c8ffd-3080-4252-b560-e88140944b08","sites/DepartmentHeads/Lists/CouncilStaffReports","10/15/2024","232","11/28/2023 7:50:33 PM","ListItem","FirstStageRecycleBin","Art Malin"
"4b927096-07cf-44f1-a73e-7cfc97cdb3a4","sites/DepartmentHeads/Lists/CouncilStaffReports","10/1/2024","228","11/28/2023 7:50:32 PM","ListItem","FirstStageRecycleBin","Art Malin"
"a43df51b-830f-41bb-abda-8b239184104a","sites/DepartmentHeads/Lists/CouncilStaffReports","1/2/2024","224","11/28/2023 7:50:26 PM","ListItem","FirstStageRecycleBin","Art Malin"
"14818f1a-d412-46cb-9b5f-d1b132eeacea","sites/DepartmentHeads/Lists/CouncilStaffReports","1/16/2024","228","11/28/2023 7:50:27 PM","ListItem","FirstStageRecycleBin","Art Malin"
"f3cd9400-1703-4767-8f3b-ab3274a206bd","sites/DepartmentHeads/Lists/BrightMetricsCallReport","","210","1/18/2024 10:31:01 PM","ListItem","FirstStageRecycleBin","Art Malin"
"9919a905-4eba-447c-a57e-150d1c8aecc4","sites/DepartmentHeads/Lists/BrightMetricsCallReport","","214","1/18/2024 10:31:04 PM","ListItem","FirstStageRecycleBin","Art Malin"
"8a9bce06-d53f-4224-9328-639e8a76c241","sites/DepartmentHeads/Lists/BrightMetricsCallReport","","216","1/18/2024 10:31:10 PM","ListItem","FirstStageRecycleBin","Art Malin"
"340e1207-b98f-400e-9deb-d15de4937441","sites/DepartmentHeads/Lists/CouncilStaffReports","","184","11/28/2023 7:48:57 PM","ListItem","FirstStageRecycleBin","Art Malin"
"3e899208-ce72-4037-ab1d-eadb57f3e020","sites/DepartmentHeads/Lists/BrightMetricsCallReport","","228","1/18/2024 10:31:02 PM","ListItem","FirstStageRecycleBin","Art Malin"
"dad5640a-75f1-40e1-be2b-a46ac12ac9e6","sites/DepartmentHeads/Lists/CouncilStaffReports","","184","11/28/2023 7:52:40 PM","ListItem","FirstStageRecycleBin","Art Malin"
"a331850a-42ad-40d1-bbf0-927e40138374","sites/DepartmentHeads/Lists/BrightMetricsCallReport","","216","1/18/2024 10:31:11 PM","ListItem","FirstStageRecycleBin","Art Malin"
"5cf5990a-cd7e-42fb-8d03-3c5757cc3ed4","sites/DepartmentHeads/Lists/BrightMetricsCallReport","","214","1/18/2024 10:31:05 PM","ListItem","FirstStageRecycleBin","Art Malin"
"baf5ae0f-580f-4c6c-b8c1-93894cdf92a5","sites/DepartmentHeads/Lists/BrightMetricsCallReport","","210","1/18/2024 10:31:09 PM","ListItem","FirstStageRecycleBin","Art Malin"
"4ff8e10f-a63a-43f6-a3e2-471c8ae5f185","sites/DepartmentHeads/Lists/BrightMetricsCallReport","","210","1/18/2024 10:31:13 PM","ListItem","FirstStageRecycleBin","Art Malin"
"25cbdc12-3402-41a4-85fd-e786e04a0ad6","sites/DepartmentHeads/Lists/BrightMetricsCallReport","","210","1/18/2024 10:31:05 PM","ListItem","FirstStageRecycleBin","Art Malin"
"c3396a19-38f1-4359-929d-3dbcd89c84ee","sites/DepartmentHeads/Lists/BrightMetricsCallReport","","234","1/18/2024 10:31:11 PM","ListItem","FirstStageRecycleBin","Art Malin"
"222fae1d-e42c-416d-b45e-97956a3493e6","sites/DepartmentHeads/Lists/CouncilStaffReports","","184","11/28/2023 7:49:10 PM","ListItem","FirstStageRecycleBin","Art Malin"
"1b7a541e-787b-418c-b2aa-5a8f830e3b6d","sites/DepartmentHeads/Lists/BrightMetricsCallReport","","214","1/18/2024 10:31:09 PM","ListItem","FirstStageRecycleBin","Art Malin"
"11edae1f-b0e8-40f8-b6e1-5c3ee676c76d","sites/DepartmentHeads/Lists/BrightMetricsCallReport","","240","1/18/2024 10:31:08 PM","ListItem","FirstStageRecycleBin","Art Malin"
"bfe42e28-109b-4821-9628-c417cfcc492f","sites/DepartmentHeads/Lists/CouncilStaffReports","","184","11/28/2023 7:50:44 PM","ListItem","FirstStageRecycleBin","Art Malin"
"99675b28-b336-4f8b-826b-4e7d69e97993","sites/DepartmentHeads/Lists/BrightMetricsCallReport","","234","1/18/2024 10:31:06 PM","ListItem","FirstStageRecycleBin","Art Malin"
"4a0d3129-d146-4839-b3c2-de79ed3a26f9","sites/DepartmentHeads/Lists/BrightMetricsCallReport","","214","1/18/2024 10:31:00 PM","ListItem","FirstStageRecycleBin","Art Malin"
"6921ed2a-05a1-4f52-8af1-59ef993109dd","sites/DepartmentHeads/Lists/BrightMetricsCallReport","","200","1/18/2024 10:31:12 PM","ListItem","FirstStageRecycleBin","Art Malin"
"936d952b-949f-4977-8367-3253ce899725","sites/DepartmentHeads/Lists/CouncilStaffReports","","184","11/28/2023 7:50:42 PM","ListItem","FirstStageRecycleBin","Art Malin"
"ca9d0c2f-55be-4bb6-8576-77acf76acb0b","sites/DepartmentHeads/Lists/CouncilStaffReports","","184","11/28/2023 7:52:41 PM","ListItem","FirstStageRecycleBin","Art Malin"
"9af3502f-67ad-4237-aff4-ffb9f4ace3a1","sites/DepartmentHeads/Lists/BrightMetricsCallReport","","214","1/18/2024 10:31:13 PM","ListItem","FirstStageRecycleBin","Art Malin"
"37575e2f-73b6-4eed-9a54-e8833ae92784","sites/DepartmentHeads/Lists/BrightMetricsCallReport","","234","1/18/2024 10:31:13 PM","ListItem","FirstStageRecycleBin","Art Malin"
"d45e832f-62c7-41fd-88e9-479e8e54500f","sites/DepartmentHeads/Lists/CouncilStaffReports","","184","11/28/2023 7:52:41 PM","ListItem","FirstStageRecycleBin","Art Malin"
"33b53030-b6f5-4e07-9ee7-d7ea98267b25","sites/DepartmentHeads/Lists/BrightMetricsCallReport","","234","1/18/2024 10:31:12 PM","ListItem","FirstStageRecycleBin","Art Malin"
"419dcc30-3b67-4449-a85c-1c47606c088c","sites/DepartmentHeads/Lists/CouncilStaffReports","","184","11/28/2023 7:49:06 PM","ListItem","FirstStageRecycleBin","Art Malin"
"4c63d331-c59e-411c-9952-c42b2a224865","sites/DepartmentHeads/Lists/CouncilStaffReports","","184","11/28/2023 7:49:11 PM","ListItem","FirstStageRecycleBin","Art Malin"
"f4a66932-a386-4cb5-8f8e-c67a47e94584","sites/DepartmentHeads/Lists/BrightMetricsCallReport","","228","1/18/2024 10:31:08 PM","ListItem","FirstStageRecycleBin","Art Malin"
"fff76734-e0d8-49d9-891a-1bd6df7809ed","sites/DepartmentHeads/Lists/BrightMetricsCallReport","","222","1/18/2024 10:31:07 PM","ListItem","FirstStageRecycleBin","Art Malin"
"ed8bd034-76d8-4c96-b770-979ae5b58339","sites/DepartmentHeads/Lists/BrightMetricsCallReport","","210","1/18/2024 10:31:11 PM","ListItem","FirstStageRecycleBin","Art Malin"
"3e8b6636-6568-453e-a391-5043e7061f41","sites/DepartmentHeads/Lists/BrightMetricsCallReport","","234","1/18/2024 10:31:01 PM","ListItem","FirstStageRecycleBin","Art Malin"
"c8a7c937-5905-4063-8e75-315ae7fc5d82","sites/DepartmentHeads/Lists/BrightMetricsCallReport","","224","1/18/2024 10:31:01 PM","ListItem","FirstStageRecycleBin","Art Malin"
"7d3e9439-169d-45cf-a804-e0d250fd5038","sites/DepartmentHeads/Lists/BrightMetricsCallReport","","200","1/18/2024 10:31:00 PM","ListItem","FirstStageRecycleBin","Art Malin"
"1dc35b3a-77e8-4edf-a61d-f5e84c01bcff","sites/DepartmentHeads/Lists/BrightMetricsCallReport","","172","1/24/2024 12:23:21 AM","ListItem","FirstStageRecycleBin","Art Malin"
"469b7d3b-28f0-4da4-93fd-f9b57a5f18d5","sites/DepartmentHeads/Lists/BrightMetricsCallReport","","240","1/18/2024 10:31:10 PM","ListItem","FirstStageRecycleBin","Art Malin"
"ccd9f43e-eeda-44a4-9801-ef30be80bd8c","sites/DepartmentHeads/Lists/BrightMetricsCallReport","","216","1/18/2024 10:31:02 PM","ListItem","FirstStageRecycleBin","Art Malin"
"1ae7f940-1591-43de-affc-c67623274475","sites/DepartmentHeads/Lists/BrightMetricsCallReport","","222","1/18/2024 10:31:11 PM","ListItem","FirstStageRecycleBin","Art Malin"
"22f5ab44-c411-45c7-b6ac-9e4f4f03f2e9","sites/DepartmentHeads/Lists/BrightMetricsCallReport","","210","1/18/2024 10:31:13 PM","ListItem","FirstStageRecycleBin","Art Malin"
"14b92947-7e7d-4070-8163-e51a63bf2ff5","sites/DepartmentHeads/Lists/BrightMetricsCallReport","","230","1/18/2024 10:31:04 PM","ListItem","FirstStageRecycleBin","Art Malin"
"48873f47-34fb-45e0-874f-538e9da7ffd2","sites/DepartmentHeads/Lists/BrightMetricsCallReport","","242","1/18/2024 10:31:10 PM","ListItem","FirstStageRecycleBin","Art Malin"
"7301554d-6d48-469d-8526-374eb0e9b3e6","sites/DepartmentHeads/Lists/BrightMetricsCallReport","","214","1/18/2024 10:31:03 PM","ListItem","FirstStageRecycleBin","Art Malin"
"b9af3653-2c3b-4fc5-b2f7-29d0e7031809","sites/DepartmentHeads/Lists/CouncilStaffReports","","184","11/28/2023 7:50:41 PM","ListItem","FirstStageRecycleBin","Art Malin"
"eabbb356-d190-4bed-8a9d-58eef9937b12","sites/DepartmentHeads/Lists/CouncilStaffReports","","184","11/28/2023 7:52:42 PM","ListItem","FirstStageRecycleBin","Art Malin"
"6a0af456-75f0-461a-b639-28e8711c68d0","sites/DepartmentHeads/Lists/BrightMetricsCallReport","","214","1/18/2024 10:31:11 PM","ListItem","FirstStageRecycleBin","Art Malin"
"1a40985b-378c-4dd2-ac02-efe6ac258ae7","sites/DepartmentHeads/Lists/BrightMetricsCallReport","","240","1/18/2024 10:31:07 PM","ListItem","FirstStageRecycleBin","Art Malin"
"7ce5ce5d-16e3-4927-b45b-34c4a1e09953","sites/DepartmentHeads/Lists/BrightMetricsCallReport","","240","1/18/2024 10:31:01 PM","ListItem","FirstStageRecycleBin","Art Malin"
"a8eb0060-4316-4068-81d0-c085aaa14e7a","sites/DepartmentHeads/Lists/CouncilStaffReports","","184","11/28/2023 7:52:41 PM","ListItem","FirstStageRecycleBin","Art Malin"
"e6f64762-e75e-47d2-974c-171c4dddf9c0","sites/DepartmentHeads/Lists/BrightMetricsCallReport","","216","1/18/2024 10:31:07 PM","ListItem","FirstStageRecycleBin","Art Malin"
"5b2ddd62-ada3-490e-917f-68746c776798","sites/DepartmentHeads/Lists/BrightMetricsCallReport","","240","1/18/2024 10:31:03 PM","ListItem","FirstStageRecycleBin","Art Malin"
"256bdb63-40b8-450b-8fd1-3de0e279e68c","sites/DepartmentHeads/Lists/CouncilStaffReports","","184","11/28/2023 7:50:42 PM","ListItem","FirstStageRecycleBin","Art Malin"
"668f2b65-b128-49a4-9b53-58f11ba2f0cd","sites/DepartmentHeads/Lists/BrightMetricsCallReport","","214","1/18/2024 10:31:10 PM","ListItem","FirstStageRecycleBin","Art Malin"
"58a14366-9592-47dd-b1a2-143b8a68467f","sites/DepartmentHeads/Lists/BrightMetricsCallReport","","244","1/18/2024 10:31:06 PM","ListItem","FirstStageRecycleBin","Art Malin"
"b1e32567-089c-40c9-8114-67ef778066fa","sites/DepartmentHeads/Lists/BrightMetricsCallReport","","210","1/18/2024 10:31:10 PM","ListItem","FirstStageRecycleBin","Art Malin"
"2cd36f69-79a9-491d-9a4a-bca2d27c06f9","sites/DepartmentHeads/Lists/BrightMetricsCallReport","","214","1/18/2024 10:31:05 PM","ListItem","FirstStageRecycleBin","Art Malin"
"b3ce546a-d6fb-4f0f-be36-fd283ef7a756","sites/DepartmentHeads/Lists/BrightMetricsCallReport","","228","1/18/2024 10:31:03 PM","ListItem","FirstStageRecycleBin","Art Malin"
"1870bd6a-ea6d-4a9e-93b2-f79ecbc53059","sites/DepartmentHeads/Lists/BrightMetricsCallReport","","214","1/18/2024 10:31:02 PM","ListItem","FirstStageRecycleBin","Art Malin"
"b76e286d-c821-47a2-9fe1-215bb8c641ed","sites/DepartmentHeads/Lists/BrightMetricsCallReport","","216","1/18/2024 10:31:11 PM","ListItem","FirstStageRecycleBin","Art Malin"
"0c95f470-4cd8-424f-ac53-312a8bd07f27","sites/DepartmentHeads/Lists/BrightMetricsCallReport","","216","1/18/2024 10:31:12 PM","ListItem","FirstStageRecycleBin","Art Malin"
"ac587774-79ab-485a-9409-070ba941fe5e","sites/DepartmentHeads/Lists/BrightMetricsCallReport","","216","1/18/2024 10:31:02 PM","ListItem","FirstStageRecycleBin","Art Malin"
"13155e75-cf66-46c7-b65d-4ade7bfbc34d","sites/DepartmentHeads/Lists/BrightMetricsCallReport","","230","1/18/2024 10:31:01 PM","ListItem","FirstStageRecycleBin","Art Malin"
"d37ecc78-8070-4b12-b165-edc53de9726a","sites/DepartmentHeads/Lists/CouncilStaffReports","","184","11/28/2023 7:52:42 PM","ListItem","FirstStageRecycleBin","Art Malin"
"7b9d7d79-41f5-4e62-9986-1bbe24d4ec63","sites/DepartmentHeads/Lists/BrightMetricsCallReport","","222","1/18/2024 10:31:07 PM","ListItem","FirstStageRecycleBin","Art Malin"
"0111917b-1cf1-45ad-b8ce-46c43d34b250","sites/DepartmentHeads/Lists/BrightMetricsCallReport","","210","1/18/2024 10:31:07 PM","ListItem","FirstStageRecycleBin","Art Malin"
"0adde87b-0a51-409d-adcc-4ed276856b5c","sites/DepartmentHeads/Lists/BrightMetricsCallReport","","210","1/18/2024 10:31:13 PM","ListItem","FirstStageRecycleBin","Art Malin"
"5ad5e47d-216b-47a3-8a68-c32c036b349d","sites/DepartmentHeads/Lists/BrightMetricsCallReport","","216","1/18/2024 10:31:04 PM","ListItem","FirstStageRecycleBin","Art Malin"
"55ba3f7e-bd7d-421e-921c-dcf077459db6","sites/DepartmentHeads/Lists/BrightMetricsCallReport","","240","1/18/2024 10:31:12 PM","ListItem","FirstStageRecycleBin","Art Malin"
"505fe87e-8457-4ca1-850d-10d65f3a6bcf","sites/DepartmentHeads/Lists/BrightMetricsCallReport","","210","1/18/2024 10:31:06 PM","ListItem","FirstStageRecycleBin","Art Malin"
"6375e07f-d71a-4c2b-a5f7-63ab1d772a2e","sites/DepartmentHeads/Lists/BrightMetricsCallReport","","216","1/18/2024 10:31:01 PM","ListItem","FirstStageRecycleBin","Art Malin"
"db9a2781-3870-4fd9-b6b6-cee7c5dec215","sites/DepartmentHeads/Lists/BrightMetricsCallReport","","240","1/18/2024 10:31:08 PM","ListItem","FirstStageRecycleBin","Art Malin"
"e9e77882-545d-4de0-8aad-d60ddd95de60","sites/DepartmentHeads/Lists/BrightMetricsCallReport","","214","1/18/2024 10:31:06 PM","ListItem","FirstStageRecycleBin","Art Malin"
"9cdde082-37dc-4321-944d-98249f86c151","sites/DepartmentHeads/Lists/BrightMetricsCallReport","","222","1/18/2024 10:31:10 PM","ListItem","FirstStageRecycleBin","Art Malin"
"d4ad7c83-8c19-4033-93c5-674ae8d1c2b1","sites/DepartmentHeads/Lists/CouncilStaffReports","","184","11/28/2023 7:50:47 PM","ListItem","FirstStageRecycleBin","Art Malin"
"bd6b8b83-0f7f-4c43-877e-011054b85e0d","sites/DepartmentHeads/Lists/BrightMetricsCallReport","","228","1/18/2024 10:31:07 PM","ListItem","FirstStageRecycleBin","Art Malin"
"2547d387-8900-4ced-aa05-adb6d4007676","sites/DepartmentHeads/Lists/BrightMetricsCallReport","","240","1/18/2024 10:31:09 PM","ListItem","FirstStageRecycleBin","Art Malin"
"eaa41f88-c46b-4dd0-b791-1f358edb63e7","sites/DepartmentHeads/Lists/BrightMetricsCallReport","","216","1/18/2024 10:31:01 PM","ListItem","FirstStageRecycleBin","Art Malin"
"62c0118e-5e12-425a-aa2a-0a988647effd","sites/DepartmentHeads/Lists/BrightMetricsCallReport","","240","1/18/2024 10:31:02 PM","ListItem","FirstStageRecycleBin","Art Malin"
"e266928f-a8ad-413c-8c9c-b57a2815d64e","sites/DepartmentHeads/Lists/BrightMetricsCallReport","","244","1/18/2024 10:31:02 PM","ListItem","FirstStageRecycleBin","Art Malin"
"43e8eb93-498f-465e-87f1-ebcf88a4eac5","sites/DepartmentHeads/Lists/CouncilStaffReports","","184","11/28/2023 7:49:06 PM","ListItem","FirstStageRecycleBin","Art Malin"
"2b4a3695-cc10-485d-9e92-2e92968c81ed","sites/DepartmentHeads/Lists/BrightMetricsCallReport","","210","1/18/2024 10:31:03 PM","ListItem","FirstStageRecycleBin","Art Malin"
"7be4fc95-e60e-47b5-8190-94a9dfca0b2e","sites/DepartmentHeads/Lists/BrightMetricsCallReport","","206","1/18/2024 10:31:04 PM","ListItem","FirstStageRecycleBin","Art Malin"
"b2313698-b3c8-4f66-855d-f64992f73b3d","sites/DepartmentHeads/Lists/BrightMetricsCallReport","","216","1/18/2024 10:31:04 PM","ListItem","FirstStageRecycleBin","Art Malin"
"5d588a9a-537d-4410-8f77-ef787d5f6b34","sites/DepartmentHeads/Lists/BrightMetricsCallReport","","240","1/18/2024 10:31:08 PM","ListItem","FirstStageRecycleBin","Art Malin"
"7132419c-06ca-4ee8-8a29-e6fdc4af7c31","sites/DepartmentHeads/Lists/BrightMetricsCallReport","","216","1/18/2024 10:31:07 PM","ListItem","FirstStageRecycleBin","Art Malin"
"9e40419c-8ee0-4783-bbe7-acca4bf19697","sites/DepartmentHeads/Lists/BrightMetricsCallReport","","240","1/18/2024 10:31:11 PM","ListItem","FirstStageRecycleBin","Art Malin"
"384cee9d-aa14-4489-b0c0-88649a5c2837","sites/DepartmentHeads/Lists/BrightMetricsCallReport","","210","1/18/2024 10:31:05 PM","ListItem","FirstStageRecycleBin","Art Malin"
"e4ee6fa0-5832-405c-9d6c-5f348df19239","sites/DepartmentHeads/Lists/CouncilStaffReports","","184","11/28/2023 7:49:08 PM","ListItem","FirstStageRecycleBin","Art Malin"
"db0956a6-8e76-4e1e-8425-bd12b32e1471","sites/DepartmentHeads/Lists/CouncilStaffReports","","184","11/28/2023 7:50:44 PM","ListItem","FirstStageRecycleBin","Art Malin"
"db61e5a8-a1cd-4f36-9377-88cef7ab4bc4","sites/DepartmentHeads/Lists/BrightMetricsCallReport","","216","1/18/2024 10:31:04 PM","ListItem","FirstStageRecycleBin","Art Malin"
"8cdd8fa9-73d3-4660-be55-e9944f35e519","sites/DepartmentHeads/Lists/BrightMetricsCallReport","","224","1/18/2024 10:31:04 PM","ListItem","FirstStageRecycleBin","Art Malin"
"3d1f3aac-3c19-48ab-8c93-ef69980ebdc2","sites/DepartmentHeads/Lists/BrightMetricsCallReport","","240","1/18/2024 10:31:06 PM","ListItem","FirstStageRecycleBin","Art Malin"
"08f554ac-803d-4a15-9c1c-00bb10de87b2","sites/DepartmentHeads/Lists/BrightMetricsCallReport","","218","1/18/2024 10:31:12 PM","ListItem","FirstStageRecycleBin","Art Malin"
"07a2c7ae-5540-489d-9dc3-3c2506c5e245","sites/DepartmentHeads/Lists/BrightMetricsCallReport","","210","1/18/2024 10:31:01 PM","ListItem","FirstStageRecycleBin","Art Malin"
"e680bcaf-868b-42fe-8374-4ebad1bd7140","sites/DepartmentHeads/Lists/CouncilStaffReports","","184","11/28/2023 7:50:35 PM","ListItem","FirstStageRecycleBin","Art Malin"
"dbca99b0-55bb-4eb0-8f9d-d0dab2a5b6e7","sites/DepartmentHeads/Lists/BrightMetricsCallReport","","240","1/18/2024 10:31:06 PM","ListItem","FirstStageRecycleBin","Art Malin"
"dfa56cb2-df94-4c08-bcf7-e0d964215668","sites/DepartmentHeads/Lists/BrightMetricsCallReport","","214","1/18/2024 10:31:09 PM","ListItem","FirstStageRecycleBin","Art Malin"
"5d9d2cb4-6658-4d1d-a699-18cc107056ce","sites/DepartmentHeads/Lists/BrightMetricsCallReport","","228","1/18/2024 10:31:05 PM","ListItem","FirstStageRecycleBin","Art Malin"
"fcac47b4-f8cc-4d39-9a78-8aaf07f9c985","sites/DepartmentHeads/Lists/BrightMetricsCallReport","","240","1/18/2024 10:31:08 PM","ListItem","FirstStageRecycleBin","Art Malin"
"5f292eb6-cd82-47ab-b698-15026bd7e811","sites/DepartmentHeads/Lists/CouncilStaffReports","","184","11/28/2023 7:49:04 PM","ListItem","FirstStageRecycleBin","Art Malin"
"5637c4b8-2668-4124-be13-b45975719065","sites/DepartmentHeads/Lists/CouncilStaffReports","","184","11/28/2023 7:52:42 PM","ListItem","FirstStageRecycleBin","Art Malin"
"04b7e4b8-7f01-4db8-bf64-fc6e945d8212","sites/DepartmentHeads/Lists/BrightMetricsCallReport","","216","1/18/2024 10:31:13 PM","ListItem","FirstStageRecycleBin","Art Malin"
"9fec58b9-f2bf-4789-8f3b-1ba62b756cbe","sites/DepartmentHeads/Lists/CouncilStaffReports","","184","11/28/2023 7:48:57 PM","ListItem","FirstStageRecycleBin","Art Malin"
"85754dbb-5ce2-4b91-a7da-ce7c31686a6c","sites/DepartmentHeads/Lists/CouncilStaffReports","","184","11/28/2023 7:49:05 PM","ListItem","FirstStageRecycleBin","Art Malin"
"7c0d50bb-cd49-41d9-9a73-2eb4bdb8ac83","sites/DepartmentHeads/Lists/BrightMetricsCallReport","","216","1/18/2024 10:31:09 PM","ListItem","FirstStageRecycleBin","Art Malin"
"65f23cbc-b58c-45d8-a151-e50b0978c13f","sites/DepartmentHeads/Lists/BrightMetricsCallReport","","244","1/18/2024 10:31:05 PM","ListItem","FirstStageRecycleBin","Art Malin"
"c40c8abd-e257-493e-8d95-22a1e7c8a519","sites/DepartmentHeads/Lists/CouncilStaffReports","","184","11/28/2023 7:49:07 PM","ListItem","FirstStageRecycleBin","Art Malin"
"ab4847c1-a68f-40d8-84fe-f9f6d254dd63","sites/DepartmentHeads/Lists/BrightMetricsCallReport","","240","1/18/2024 10:31:03 PM","ListItem","FirstStageRecycleBin","Art Malin"
"65c9fac2-e149-4f47-9357-5d9a17e602a9","sites/DepartmentHeads/Lists/BrightMetricsCallReport","","216","1/18/2024 10:31:05 PM","ListItem","FirstStageRecycleBin","Art Malin"
"786a07c9-f509-4a1d-b798-de4e5d769168","sites/DepartmentHeads/Lists/BrightMetricsCallReport","","210","1/18/2024 10:31:05 PM","ListItem","FirstStageRecycleBin","Art Malin"
"686e8dcb-55ca-4f80-8f7a-350d0e0babe2","sites/DepartmentHeads/Lists/BrightMetricsCallReport","","210","1/18/2024 10:31:07 PM","ListItem","FirstStageRecycleBin","Art Malin"
"823355cd-75f0-4002-a7e9-8611fd2a2b8a","sites/DepartmentHeads/Lists/BrightMetricsCallReport","","214","1/18/2024 10:31:10 PM","ListItem","FirstStageRecycleBin","Art Malin"
"17d2cacd-e869-4e4a-8633-bca4c9b617b1","sites/DepartmentHeads/Lists/CouncilStaffReports","","184","11/28/2023 7:49:07 PM","ListItem","FirstStageRecycleBin","Art Malin"
"4d782fce-ad7c-464f-a009-e14eeea68f2f","sites/DepartmentHeads/Lists/BrightMetricsCallReport","","228","1/18/2024 10:31:05 PM","ListItem","FirstStageRecycleBin","Art Malin"
"90827ed0-5a64-444c-91a4-957ebb1dd8d2","sites/DepartmentHeads/Lists/BrightMetricsCallReport","","244","1/18/2024 10:31:06 PM","ListItem","FirstStageRecycleBin","Art Malin"
"a7947fd5-e497-4e1a-892e-e66b2c83032c","sites/DepartmentHeads/Lists/BrightMetricsCallReport","","240","1/18/2024 10:31:01 PM","ListItem","FirstStageRecycleBin","Art Malin"
"4e68f6d5-8d04-4446-8877-6be813d25e34","sites/DepartmentHeads/Lists/BrightMetricsCallReport","","224","1/18/2024 10:31:04 PM","ListItem","FirstStageRecycleBin","Art Malin"
"bb0669d6-3a9e-4c31-b505-47125cb0790c","sites/DepartmentHeads/Lists/CouncilStaffReports","","184","11/28/2023 7:52:41 PM","ListItem","FirstStageRecycleBin","Art Malin"
"ca7e33d7-2a2d-458c-91c9-cbf11fe2c7c0","sites/DepartmentHeads/Lists/BrightMetricsCallReport","","222","1/18/2024 10:31:10 PM","ListItem","FirstStageRecycleBin","Art Malin"
"5c7501db-568d-4dd4-9dab-e489661370b1","sites/DepartmentHeads/Lists/BrightMetricsCallReport","","218","1/18/2024 10:31:12 PM","ListItem","FirstStageRecycleBin","Art Malin"
"4c9f67db-b47c-4d80-adc7-1d9664d3bb8e","sites/DepartmentHeads/Lists/CouncilStaffReports","","184","11/28/2023 7:50:42 PM","ListItem","FirstStageRecycleBin","Art Malin"
"712f55dc-643d-4c3e-a1fe-4acf1ad93d05","sites/DepartmentHeads/Lists/BrightMetricsCallReport","","210","1/18/2024 10:31:00 PM","ListItem","FirstStageRecycleBin","Art Malin"
"2342bddc-e810-468b-a16a-c427d96dc02f","sites/DepartmentHeads/Lists/CouncilStaffReports","","184","11/28/2023 7:50:47 PM","ListItem","FirstStageRecycleBin","Art Malin"
"123f13dd-6752-4367-b586-56600bfeac61","sites/DepartmentHeads/Lists/BrightMetricsCallReport","","210","1/18/2024 10:31:06 PM","ListItem","FirstStageRecycleBin","Art Malin"
"6bc9f3e0-f5b4-4908-8204-e1156596756a","sites/DepartmentHeads/Lists/BrightMetricsCallReport","","210","1/18/2024 10:31:03 PM","ListItem","FirstStageRecycleBin","Art Malin"
"b32066e1-a503-4bf4-be73-fe1c6b68233e","sites/DepartmentHeads/Lists/CouncilStaffReports","","196","11/29/2023 6:56:33 PM","ListItem","FirstStageRecycleBin","Art Malin"
"2c0802e5-edeb-41e5-b4a2-fe24a2ef1a99","sites/DepartmentHeads/Lists/BrightMetricsCallReport","","234","1/18/2024 10:31:02 PM","ListItem","FirstStageRecycleBin","Art Malin"
"d00a72e5-7405-429c-8f39-adaf5687cd6c","sites/DepartmentHeads/Lists/CouncilStaffReports","","184","11/28/2023 7:52:42 PM","ListItem","FirstStageRecycleBin","Art Malin"
"4943cbe6-832a-48f4-8119-3dcb4269f40b","sites/DepartmentHeads/Lists/BrightMetricsCallReport","","222","1/18/2024 10:31:09 PM","ListItem","FirstStageRecycleBin","Art Malin"
"4ba421e9-be73-4ff5-b3f3-1580cb9d7d88","sites/DepartmentHeads/Lists/BrightMetricsCallReport","","218","1/18/2024 10:31:12 PM","ListItem","FirstStageRecycleBin","Art Malin"
"c33a33ea-dc80-442a-9976-8bce07438800","sites/DepartmentHeads/Lists/BrightMetricsCallReport","","234","1/18/2024 10:31:08 PM","ListItem","FirstStageRecycleBin","Art Malin"
"6c4071ea-a8de-438f-9360-b91a2a549884","sites/DepartmentHeads/Lists/BrightMetricsCallReport","","214","1/18/2024 10:31:03 PM","ListItem","FirstStageRecycleBin","Art Malin"
"c378fcea-9592-4533-a934-484a567878a1","sites/DepartmentHeads/Lists/CouncilStaffReports","","184","11/28/2023 7:50:43 PM","ListItem","FirstStageRecycleBin","Art Malin"
"7af288eb-bcc7-4910-8df8-690f8cc02b12","sites/DepartmentHeads/Lists/BrightMetricsCallReport","","216","1/18/2024 10:31:07 PM","ListItem","FirstStageRecycleBin","Art Malin"
"f11517ec-230f-42f0-962b-b828e4b7dc98","sites/DepartmentHeads/Lists/BrightMetricsCallReport","","216","1/18/2024 10:31:08 PM","ListItem","FirstStageRecycleBin","Art Malin"
"17255aec-66ab-439c-bd53-24d7ee9b0b3a","sites/DepartmentHeads/Lists/BrightMetricsCallReport","","228","1/18/2024 10:31:09 PM","ListItem","FirstStageRecycleBin","Art Malin"
"9c00b3ec-28cd-4f6e-9264-b894b8c3b76a","sites/DepartmentHeads/Lists/BrightMetricsCallReport","","222","1/18/2024 10:31:08 PM","ListItem","FirstStageRecycleBin","Art Malin"
"92e991f0-9b98-4da0-8cd8-607b5e2ff15a","sites/DepartmentHeads/Lists/BrightMetricsCallReport","","214","1/18/2024 10:31:00 PM","ListItem","FirstStageRecycleBin","Art Malin"
"4649a4f2-e3ac-460b-8972-ef970b404931","sites/DepartmentHeads/Lists/BrightMetricsCallReport","","172","1/24/2024 12:23:30 AM","ListItem","FirstStageRecycleBin","Art Malin"
"7ad6c0f2-b0e3-49ae-8f23-4a681a302945","sites/DepartmentHeads/Lists/CouncilStaffReports","","184","11/28/2023 7:52:41 PM","ListItem","FirstStageRecycleBin","Art Malin"
"03cc58f3-03bb-45c7-91bd-e7abe829fb56","sites/DepartmentHeads/Lists/BrightMetricsCallReport","","216","1/18/2024 10:31:12 PM","ListItem","FirstStageRecycleBin","Art Malin"
"0048f6f4-f75c-4691-a78b-4345f247895c","sites/DepartmentHeads/Lists/BrightMetricsCallReport","","242","1/18/2024 10:31:03 PM","ListItem","FirstStageRecycleBin","Art Malin"
"7cebb9f7-ec95-466e-b81e-72757d26b948","sites/DepartmentHeads/Lists/BrightMetricsCallReport","","242","1/18/2024 10:31:03 PM","ListItem","FirstStageRecycleBin","Art Malin"
"87fc88fa-afd8-485f-896d-5b02f23742c3","sites/DepartmentHeads/Lists/BrightMetricsCallReport","","240","1/18/2024 10:31:11 PM","ListItem","FirstStageRecycleBin","Art Malin"
"214af0fe-d2f7-4c82-a3f7-b1d01133c71d","sites/DepartmentHeads/Lists/BrightMetricsCallReport","","210","1/18/2024 10:31:13 PM","ListItem","FirstStageRecycleBin","Art Malin"
"d005b9ff-055e-4105-9794-10b172f8ba90","sites/DepartmentHeads/Lists/BrightMetricsCallReport","","216","1/18/2024 10:31:09 PM","ListItem","FirstStageRecycleBin","Art Malin"
